{
  "class": "SkyMaskPipe",
  "format": "skymaskpipe-bitpack-fits-stream",
  "params": {
    "boxmask": {
      "area_deg2": 5.564107952862163,
      "bit_packed": false,
      "columns": [
        "ra_c",
        "dec_c",
        "width",
        "height"
      ],
      "data": "example_data/hsc_aux/starboxes_iband.parquet",
      "fmt": "parquet",
      "n_threads": 4,
      "nside_coverage": 16,
      "nside_sparse": 32768,
      "order_coverage": 4,
      "order_sparse": 15,
      "pixels": 1737887
    },
    "circmask": {
      "area_deg2": 12.277230882152068,
      "bit_packed": false,
      "columns": [
        "ra",
        "dec",
        "radius"
      ],
      "data": "example_data/hsc_aux/stars_iband.parquet",
      "fmt": "parquet",
      "n_threads": 4,
      "nside_coverage": 16,
      "nside_sparse": 32768,
      "order_coverage": 4,
      "order_sparse": 15,
      "pixels": 3834656
    },
    "ellipmask": {
      "area_deg2": 0.5414152216851591,
      "bit_packed": false,
      "columns": [
        "ra",
        "dec",
        "a",
        "b",
        "pa"
      ],
      "data": "example_data/hsc_aux/extended_sources.dat",
      "fmt": "ascii",
      "nside_coverage": 16,
      "nside_sparse": 32768,
      "order_coverage": 4,
      "order_sparse": 15,
      "pixels": 169105
    },
    "footmask": {
      "area_deg2": 69.35790724770318,
      "bit_packed": false,
      "columns": [
        "ra",
        "dec"
      ],
      "erode_borders": false,
      "nside_coverage": 16,
      "nside_sparse": 8192,
      "order_coverage": 4,
      "order_sparse": 13,
      "pixels": 1353948,
      "remove_isopixels": false,
      "sources": "example_data/hscx_minispring_gal"
    },
    "mask": {
      "nside_coverage": 16,
      "nside_sparse": 32768,
      "order_coverage": 4,
      "order_sparse": 15
    },
    "patchmask": {
      "area_deg2": 54.43575391135537,
      "bit_packed": false,
      "filt": "(gmag_psf_depth>26.2) and (rmag_psf_depth>25.9) and (imag_psf_depth>25.7)",
      "nside_coverage": 16,
      "nside_sparse": 8192,
      "order_coverage": 4,
      "order_sparse": 13,
      "patchfile": [
        "example_data/hsc_aux/tracts_patches_minispring.parquet"
      ],
      "pixels": 1062650,
      "qafile": "example_data/hsc_aux/patch_qa.csv"
    }
  },
  "scalars": {
    "order_cov": 4,
    "order_out": 15
  },
  "stages": {
    "boxmask": {
      "filename": "boxmask.fits"
    },
    "circmask": {
      "filename": "circmask.fits"
    },
    "ellipmask": {
      "filename": "ellipmask.fits"
    },
    "footmask": {
      "filename": "footmask.fits"
    },
    "mask": {
      "filename": "mask.fits"
    },
    "patchmask": {
      "filename": "patchmask.fits"
    }
  },
  "version": 1
}